run_id,run_name,timestamp,epoch,train_loss,val_loss,train_acc,val_acc,train_macro_f1,val_macro_f1,val_critical_recall,train_cat_acc,val_cat_acc,val_cat_macro_f1,val_prec_low,val_rec_low,val_f1_low,val_prec_medium,val_rec_medium,val_f1_medium,val_prec_high,val_rec_high,val_f1_high,val_prec_critical,val_rec_critical,val_f1_critical,lr,emb_dim,hidden_dim,num_layers,bidirectional,attn_dim,dropout,head_hidden,max_len,max_vocab,min_freq,lowercase,batch_size,epochs_planned,optimizer,scheduler,weight_decay,grad_clip,patience,critical_boost,w_category,w_urgency,use_class_weights,seed,device,epoch_seconds,cm_0_0,cm_0_1,cm_0_2,cm_0_3,cm_1_0,cm_1_1,cm_1_2,cm_1_3,cm_2_0,cm_2_1,cm_2_2,cm_2_3,cm_3_0,cm_3_1,cm_3_2,cm_3_3
20260707-004720,small-64-highdrop,,1,3.97388,3.53291,0.25413,0.14325,0.24355,0.17488,1.0,,,,,,,,,,,,,,,,0.001,64,64,1,,64,0.5,128,,,,,64,,adamw,plateau,1e-05,5.0,6,3.0,1.0,1.0,,,,1.71,43,4,9,195,9,10,9,253,0,2,33,141,0,0,0,18
20260707-004720,small-64-highdrop,,2,3.41133,2.85329,0.3598,0.40358,0.33552,0.39449,1.0,,,,,,,,,,,,,,,,0.001,64,64,1,,64,0.5,128,,,,,64,,adamw,plateau,1e-05,5.0,6,3.0,1.0,1.0,,,,1.59,95,26,30,100,26,70,54,131,0,11,110,55,0,0,0,18
20260707-004720,small-64-highdrop,,3,3.01868,2.22676,0.44687,0.54683,0.41078,0.49952,1.0,,,,,,,,,,,,,,,,0.001,64,64,1,,64,0.5,128,,,,,64,,adamw,plateau,1e-05,5.0,6,3.0,1.0,1.0,,,,1.65,144,39,25,43,30,97,66,88,0,10,138,28,0,0,0,18
20260707-004720,small-64-highdrop,,4,2.59776,1.62271,0.53483,0.6405,0.48631,0.5821,1.0,,,,,,,,,,,,,,,,0.001,64,64,1,,64,0.5,128,,,,,64,,adamw,plateau,1e-05,5.0,6,3.0,1.0,1.0,,,,1.67,182,55,4,10,43,133,58,47,0,19,132,25,0,0,0,18
20260707-004720,small-64-highdrop,,5,2.2424,1.33749,0.5729,0.67906,0.53177,0.62708,1.0,,,,,,,,,,,,,,,,0.0005,64,64,1,,64,0.5,128,,,,,64,,adamw,plateau,1e-05,5.0,6,3.0,1.0,1.0,,,,1.66,185,56,4,6,46,145,58,32,0,15,145,16,0,0,0,18
20260707-004720,small-64-highdrop,,6,2.02661,1.08128,0.59563,0.70661,0.55915,0.66265,1.0,,,,,,,,,,,,,,,,0.0005,64,64,1,,64,0.5,128,,,,,64,,adamw,plateau,1e-05,5.0,6,3.0,1.0,1.0,,,,1.64,197,49,5,0,48,148,60,25,1,12,150,13,0,0,0,18
20260707-004720,small-64-highdrop,,7,1.84805,0.8761,0.61718,0.7011,0.58706,0.67011,1.0,,,,,,,,,,,,,,,,0.0005,64,64,1,,64,0.5,128,,,,,64,,adamw,plateau,1e-05,5.0,6,3.0,1.0,1.0,,,,1.67,203,43,5,0,68,136,61,16,1,10,152,13,0,0,0,18
20260707-004720,small-64-highdrop,,8,1.69232,0.79787,0.61777,0.70248,0.58376,0.66475,1.0,,,,,,,,,,,,,,,,0.00025,64,64,1,,64,0.5,128,,,,,64,,adamw,plateau,1e-05,5.0,6,3.0,1.0,1.0,,,,1.65,203,43,5,0,62,138,61,20,1,11,151,13,0,0,0,18
20260707-004720,small-64-highdrop,,9,1.67375,0.70064,0.62869,0.69697,0.59273,0.6775,1.0,,,,,,,,,,,,,,,,0.00025,64,64,1,,64,0.5,128,,,,,64,,adamw,plateau,1e-05,5.0,6,3.0,1.0,1.0,,,,1.66,199,47,5,0,72,138,60,11,1,11,151,13,0,0,0,18
20260707-004720,small-64-highdrop,,10,1.57655,0.64158,0.62898,0.7011,0.59406,0.6804,1.0,,,,,,,,,,,,,,,,0.00025,64,64,1,,64,0.5,128,,,,,64,,adamw,plateau,1e-05,5.0,6,3.0,1.0,1.0,,,,1.64,201,45,5,0,71,139,60,11,1,11,151,13,0,0,0,18
20260707-004720,small-64-highdrop,,11,1.51166,0.61714,0.62869,0.70523,0.6008,0.6837,1.0,,,,,,,,,,,,,,,,0.000125,64,64,1,,64,0.5,128,,,,,64,,adamw,plateau,1e-05,5.0,6,3.0,1.0,1.0,,,,1.68,200,46,5,0,65,143,62,11,1,11,151,13,0,0,0,18
20260707-004720,small-64-highdrop,,12,1.46501,0.58301,0.64699,0.7135,0.61745,0.692,1.0,,,,,,,,,,,,,,,,0.000125,64,64,1,,64,0.5,128,,,,,64,,adamw,plateau,1e-05,5.0,6,3.0,1.0,1.0,,,,1.6,208,38,5,0,77,141,53,10,1,11,151,13,0,0,0,18
20260707-004741,no-critical-boost,,1,2.95896,1.69703,0.6095,0.81405,0.49426,0.80379,0.61111,,,,,,,,,,,,,,,,0.001,128,128,1,,64,0.3,128,,,,,64,,adamw,plateau,1e-05,5.0,6,1.0,1.0,1.0,,,,2.14,202,49,0,0,30,242,9,0,0,40,136,0,0,0,7,11
20260707-004741,no-critical-boost,,2,1.24172,0.43889,0.80254,0.86226,0.76657,0.89699,1.0,,,,,,,,,,,,,,,,0.001,128,128,1,,64,0.3,128,,,,,64,,adamw,plateau,1e-05,5.0,6,1.0,1.0,1.0,,,,2.52,226,25,0,0,35,230,16,0,0,24,152,0,0,0,0,18
20260707-004741,no-critical-boost,,3,0.6653,0.29916,0.83471,0.87741,0.85738,0.9079,1.0,,,,,,,,,,,,,,,,0.001,128,128,1,,64,0.3,128,,,,,64,,adamw,plateau,1e-05,5.0,6,1.0,1.0,1.0,,,,2.28,225,26,0,0,24,234,23,0,0,16,160,0,0,0,0,18
20260707-004741,no-critical-boost,,4,0.47731,0.27657,0.86039,0.89394,0.88347,0.9199,1.0,,,,,,,,,,,,,,,,0.001,128,128,1,,64,0.3,128,,,,,64,,adamw,plateau,1e-05,5.0,6,1.0,1.0,1.0,,,,2.24,236,15,0,0,28,227,26,0,0,8,168,0,0,0,0,18
20260707-004741,no-critical-boost,,5,0.40331,0.25258,0.87161,0.89256,0.89104,0.91842,1.0,,,,,,,,,,,,,,,,0.001,128,128,1,,64,0.3,128,,,,,64,,adamw,plateau,1e-05,5.0,6,1.0,1.0,1.0,,,,2.19,242,9,0,0,34,231,16,0,0,19,157,0,0,0,0,18
20260707-004741,no-critical-boost,,6,0.34864,0.24624,0.88577,0.89118,0.90328,0.91754,1.0,,,,,,,,,,,,,,,,0.0005,128,128,1,,64,0.3,128,,,,,64,,adamw,plateau,1e-05,5.0,6,1.0,1.0,1.0,,,,2.24,237,14,0,0,29,224,28,0,0,8,168,0,0,0,0,18
20260707-004741,no-critical-boost,,7,0.32883,0.2327,0.884,0.89394,0.90423,0.92016,1.0,,,,,,,,,,,,,,,,0.0005,128,128,1,,64,0.3,128,,,,,64,,adamw,plateau,1e-05,5.0,6,1.0,1.0,1.0,,,,2.38,235,16,0,0,28,237,16,0,0,17,159,0,0,0,0,18
20260707-004741,no-critical-boost,,8,0.3131,0.24482,0.88548,0.88292,0.89971,0.91157,1.0,,,,,,,,,,,,,,,,0.0005,128,128,1,,64,0.3,128,,,,,64,,adamw,plateau,1e-05,5.0,6,1.0,1.0,1.0,,,,2.38,233,18,0,0,29,228,24,0,0,14,162,0,0,0,0,18
20260707-004741,no-critical-boost,,9,0.29975,0.23155,0.89286,0.89532,0.9073,0.92041,1.0,,,,,,,,,,,,,,,,0.00025,128,128,1,,64,0.3,128,,,,,64,,adamw,plateau,1e-05,5.0,6,1.0,1.0,1.0,,,,2.38,238,13,0,0,27,234,20,0,0,16,160,0,0,0,0,18
20260707-004741,no-critical-boost,,10,0.30196,0.22482,0.88518,0.89669,0.90455,0.9217,1.0,,,,,,,,,,,,,,,,0.00025,128,128,1,,64,0.3,128,,,,,64,,adamw,plateau,1e-05,5.0,6,1.0,1.0,1.0,,,,2.28,239,12,0,0,29,235,17,0,0,17,159,0,0,0,0,18
20260707-004741,no-critical-boost,,11,0.2791,0.2293,0.89433,0.89669,0.91037,0.92191,1.0,,,,,,,,,,,,,,,,0.00025,128,128,1,,64,0.3,128,,,,,64,,adamw,plateau,1e-05,5.0,6,1.0,1.0,1.0,,,,2.35,239,12,0,0,30,233,18,0,0,15,161,0,0,0,0,18
20260707-004741,no-critical-boost,,12,0.27058,0.22831,0.89787,0.89945,0.91499,0.92384,1.0,,,,,,,,,,,,,,,,0.000125,128,128,1,,64,0.3,128,,,,,64,,adamw,plateau,1e-05,5.0,6,1.0,1.0,1.0,,,,2.33,239,12,0,0,28,236,17,0,0,16,160,0,0,0,0,18
20260707-004810,baseline-v1,,1,2.84216,1.62963,0.46812,0.74242,0.43179,0.69963,1.0,,,,,,,,,,,,,,,,0.001,128,128,1,,64,0.3,128,,,,,64,,adamw,plateau,1e-05,5.0,10,3.0,1.0,1.0,,,,2.27,179,65,4,3,30,217,17,17,0,38,125,13,0,0,0,18
20260707-004810,baseline-v1,,2,1.15062,0.3707,0.74351,0.81956,0.73064,0.83477,1.0,,,,,,,,,,,,,,,,0.001,128,128,1,,64,0.3,128,,,,,64,,adamw,plateau,1e-05,5.0,10,3.0,1.0,1.0,,,,2.18,228,23,0,0,52,202,27,0,0,24,147,5,0,0,0,18
20260707-004810,baseline-v1,,3,0.58821,0.24983,0.77656,0.82645,0.77309,0.84146,1.0,,,,,,,,,,,,,,,,0.001,128,128,1,,64,0.3,128,,,,,64,,adamw,plateau,1e-05,5.0,10,3.0,1.0,1.0,,,,2.31,220,31,0,0,45,209,27,0,0,18,153,5,0,0,0,18
20260707-004810,baseline-v1,,4,0.41805,0.19587,0.80608,0.87052,0.80133,0.9027,1.0,,,,,,,,,,,,,,,,0.001,128,128,1,,64,0.3,128,,,,,64,,adamw,plateau,1e-05,5.0,10,3.0,1.0,1.0,,,,2.26,235,16,0,0,40,221,20,0,0,18,158,0,0,0,0,18
20260707-004810,baseline-v1,,5,0.34479,0.18962,0.8474,0.87466,0.85365,0.87134,1.0,,,,,,,,,,,,,,,,0.0005,128,128,1,,64,0.3,128,,,,,64,,adamw,plateau,1e-05,5.0,10,3.0,1.0,1.0,,,,2.27,229,22,0,0,25,234,22,0,0,16,154,6,0,0,0,18
20260707-004810,baseline-v1,,6,0.28926,0.16978,0.85449,0.88154,0.84421,0.8762,1.0,,,,,,,,,,,,,,,,0.0005,128,128,1,,64,0.3,128,,,,,64,,adamw,plateau,1e-05,5.0,10,3.0,1.0,1.0,,,,2.26,237,14,0,0,29,221,31,0,0,6,164,6,0,0,0,18
20260707-004810,baseline-v1,,7,0.27488,0.16644,0.86128,0.87328,0.85352,0.87614,1.0,,,,,,,,,,,,,,,,0.0005,128,128,1,,64,0.3,128,,,,,64,,adamw,plateau,1e-05,5.0,10,3.0,1.0,1.0,,,,2.34,227,24,0,0,28,225,28,0,0,7,164,5,0,0,0,18
20260707-004810,baseline-v1,,8,0.24829,0.16254,0.86393,0.88154,0.85487,0.88725,1.0,,,,,,,,,,,,,,,,0.00025,128,128,1,,64,0.3,128,,,,,64,,adamw,plateau,1e-05,5.0,10,3.0,1.0,1.0,,,,2.29,231,20,0,0,28,224,29,0,0,5,167,4,0,0,0,18
20260707-004810,baseline-v1,,9,0.24836,0.15197,0.86629,0.89118,0.87676,0.90492,1.0,,,,,,,,,,,,,,,,0.00025,128,128,1,,64,0.3,128,,,,,64,,adamw,plateau,1e-05,5.0,10,3.0,1.0,1.0,,,,2.28,239,12,0,0,30,225,26,0,0,9,165,2,0,0,0,18
20260707-004810,baseline-v1,,10,0.25,0.14941,0.86777,0.89669,0.87695,0.9093,1.0,,,,,,,,,,,,,,,,0.00025,128,128,1,,64,0.3,128,,,,,64,,adamw,plateau,1e-05,5.0,10,3.0,1.0,1.0,,,,2.33,237,14,0,0,26,231,24,0,0,9,165,2,0,0,0,18
20260707-004810,baseline-v1,,11,0.22419,0.15422,0.8722,0.88981,0.88016,0.89238,1.0,,,,,,,,,,,,,,,,0.000125,128,128,1,,64,0.3,128,,,,,64,,adamw,plateau,1e-05,5.0,10,3.0,1.0,1.0,,,,2.31,237,14,0,0,25,226,30,0,0,7,165,4,0,0,0,18
20260707-004810,baseline-v1,,12,0.21078,0.14375,0.884,0.88843,0.88709,0.90266,1.0,,,,,,,,,,,,,,,,0.000125,128,128,1,,64,0.3,128,,,,,64,,adamw,plateau,1e-05,5.0,10,3.0,1.0,1.0,,,,2.29,238,13,0,0,29,227,25,0,0,12,162,2,0,0,0,18
20260707-004810,baseline-v1,,13,0.21638,0.14796,0.88371,0.88705,0.89868,0.90236,1.0,,,,,,,,,,,,,,,,0.000125,128,128,1,,64,0.3,128,,,,,64,,adamw,plateau,1e-05,5.0,10,3.0,1.0,1.0,,,,2.24,232,19,0,0,26,228,27,0,0,8,166,2,0,0,0,18
20260707-004810,baseline-v1,,14,0.216,0.14685,0.8778,0.89394,0.88049,0.90712,1.0,,,,,,,,,,,,,,,,6.25e-05,128,128,1,,64,0.3,128,,,,,64,,adamw,plateau,1e-05,5.0,10,3.0,1.0,1.0,,,,2.33,235,16,0,0,24,230,27,0,0,8,166,2,0,0,0,18
20260707-004810,baseline-v1,,15,0.22083,0.14315,0.87279,0.89256,0.88015,0.90596,1.0,,,,,,,,,,,,,,,,6.25e-05,128,128,1,,64,0.3,128,,,,,64,,adamw,plateau,1e-05,5.0,10,3.0,1.0,1.0,,,,2.27,238,13,0,0,28,226,27,0,0,8,166,2,0,0,0,18
20260707-004810,baseline-v1,,16,0.20032,0.14122,0.8843,0.89394,0.89614,0.90706,1.0,,,,,,,,,,,,,,,,6.25e-05,128,128,1,,64,0.3,128,,,,,64,,adamw,plateau,1e-05,5.0,10,3.0,1.0,1.0,,,,2.27,239,12,0,0,29,226,26,0,0,8,166,2,0,0,0,18
20260707-004810,baseline-v1,,17,0.20645,0.14395,0.88312,0.88843,0.89475,0.90286,1.0,,,,,,,,,,,,,,,,3.125e-05,128,128,1,,64,0.3,128,,,,,64,,adamw,plateau,1e-05,5.0,10,3.0,1.0,1.0,,,,2.43,235,16,0,0,26,226,29,0,0,8,166,2,0,0,0,18
20260707-004810,baseline-v1,,18,0.20405,0.14121,0.88312,0.89394,0.8993,0.90712,1.0,,,,,,,,,,,,,,,,3.125e-05,128,128,1,,64,0.3,128,,,,,64,,adamw,plateau,1e-05,5.0,10,3.0,1.0,1.0,,,,2.27,238,13,0,0,28,227,26,0,0,8,166,2,0,0,0,18
20260707-004810,baseline-v1,,19,0.21247,0.14157,0.87662,0.89118,0.88781,0.90515,1.0,,,,,,,,,,,,,,,,3.125e-05,128,128,1,,64,0.3,128,,,,,64,,adamw,plateau,1e-05,5.0,10,3.0,1.0,1.0,,,,2.22,238,13,0,0,30,225,26,0,0,8,166,2,0,0,0,18
20260707-004810,baseline-v1,,20,0.19836,0.14158,0.88813,0.89118,0.89709,0.90504,1.0,,,,,,,,,,,,,,,,1.5625e-05,128,128,1,,64,0.3,128,,,,,64,,adamw,plateau,1e-05,5.0,10,3.0,1.0,1.0,,,,2.41,237,14,0,0,28,226,27,0,0,8,166,2,0,0,0,18
20260707-005827,ui-test-run,,1,2.99903,2.04378,0.40289,0.67355,0.37101,0.61047,1.0,,,,,,,,,,,,,,,,0.001,128,96,1,,64,0.3,128,,,,,64,,adamw,plateau,1e-05,5.0,10,3.0,1.0,1.0,,,,1.81,189,43,6,13,49,144,33,55,2,20,138,16,0,0,0,18
20260707-005827,ui-test-run,,2,1.41574,0.45839,0.68979,0.79063,0.67448,0.77114,1.0,,,,,,,,,,,,,,,,0.001,128,96,1,,64,0.3,128,,,,,64,,adamw,plateau,1e-05,5.0,10,3.0,1.0,1.0,,,,1.71,209,42,0,0,29,193,50,9,0,15,154,7,0,0,0,18
20260707-005827,ui-test-run,,3,0.70426,0.27882,0.75797,0.84711,0.73742,0.82632,1.0,,,,,,,,,,,,,,,,0.001,128,96,1,,64,0.3,128,,,,,64,,adamw,plateau,1e-05,5.0,10,3.0,1.0,1.0,,,,1.78,223,28,0,0,32,223,26,0,0,13,151,12,0,0,0,18
20260707-005827,ui-test-run,,4,0.46628,0.2218,0.79723,0.86777,0.78988,0.84063,1.0,,,,,,,,,,,,,,,,0.001,128,96,1,,64,0.3,128,,,,,64,,adamw,plateau,1e-05,5.0,10,3.0,1.0,1.0,,,,1.92,236,15,0,0,32,225,24,0,0,13,151,12,0,0,0,18
20260707-010719,schema-check,2026-07-07T01:07:21,1,2.84216,1.62963,0.46812,0.74242,0.43179,0.69963,1.0,0.4572,0.95455,0.94744,0.85646,0.71315,0.77826,0.67812,0.77224,0.72213,0.85616,0.71023,0.7764,0.35294,1.0,0.52174,0.001,128,128,1,,64,0.3,128,40,20000,2,,64,3,adamw,plateau,1e-05,5.0,3,3.0,1.0,1.0,True,42,cpu,2.11,179,65,4,3,30,217,17,17,0,38,125,13,0,0,0,18
20260707-010719,schema-check,2026-07-07T01:07:23,2,1.15062,0.3707,0.74351,0.81956,0.73064,0.83477,1.0,0.9268,1.0,1.0,0.81429,0.90837,0.85876,0.81124,0.71886,0.76226,0.84483,0.83523,0.84,0.78261,1.0,0.87805,0.001,128,128,1,,64,0.3,128,40,20000,2,,64,3,adamw,plateau,1e-05,5.0,3,3.0,1.0,1.0,True,42,cpu,2.07,228,23,0,0,52,202,27,0,0,24,147,5,0,0,0,18
20260707-010719,schema-check,2026-07-07T01:07:25,3,0.58821,0.24983,0.77656,0.82645,0.77309,0.84146,1.0,0.99085,1.0,1.0,0.83019,0.87649,0.85271,0.81008,0.74377,0.77551,0.85,0.86932,0.85955,0.78261,1.0,0.87805,0.001,128,128,1,,64,0.3,128,40,20000,2,,64,3,adamw,plateau,1e-05,5.0,3,3.0,1.0,1.0,True,42,cpu,2.11,220,31,0,0,45,209,27,0,0,18,153,5,0,0,0,18
20260707-010925,log-verify,2026-07-07T01:09:27,1,2.84216,1.62963,0.46812,0.74242,0.43179,0.69963,1.0,0.4572,0.95455,0.94744,0.85646,0.71315,0.77826,0.67812,0.77224,0.72213,0.85616,0.71023,0.7764,0.35294,1.0,0.52174,0.001,128,128,1,,64,0.3,128,40,20000,2,,64,2,adamw,plateau,1e-05,5.0,10,3.0,1.0,1.0,True,42,cpu,2.0,179,65,4,3,30,217,17,17,0,38,125,13,0,0,0,18
20260707-010925,log-verify,2026-07-07T01:09:29,2,1.15062,0.3707,0.74351,0.81956,0.73064,0.83477,1.0,0.9268,1.0,1.0,0.81429,0.90837,0.85876,0.81124,0.71886,0.76226,0.84483,0.83523,0.84,0.78261,1.0,0.87805,0.001,128,128,1,,64,0.3,128,40,20000,2,,64,2,adamw,plateau,1e-05,5.0,10,3.0,1.0,1.0,True,42,cpu,2.0,228,23,0,0,52,202,27,0,0,24,147,5,0,0,0,18
20260707-071752,panel-bidir-off,2026-07-07T07:17:55,1,2.84216,1.62963,0.46812,0.74242,0.43179,0.69963,1.0,0.4572,0.95455,0.94744,0.85646,0.71315,0.77826,0.67812,0.77224,0.72213,0.85616,0.71023,0.7764,0.35294,1.0,0.52174,0.001,128,128,1,True,64,0.3,128,40,20000,2,True,64,20,adamw,plateau,1e-05,5.0,10,3.0,1.0,1.0,True,42,cpu,3.41,179,65,4,3,30,217,17,17,0,38,125,13,0,0,0,18
20260707-071752,panel-bidir-off,2026-07-07T07:17:58,2,1.15062,0.3707,0.74351,0.81956,0.73064,0.83477,1.0,0.9268,1.0,1.0,0.81429,0.90837,0.85876,0.81124,0.71886,0.76226,0.84483,0.83523,0.84,0.78261,1.0,0.87805,0.001,128,128,1,True,64,0.3,128,40,20000,2,True,64,20,adamw,plateau,1e-05,5.0,10,3.0,1.0,1.0,True,42,cpu,3.03,228,23,0,0,52,202,27,0,0,24,147,5,0,0,0,18
20260707-071752,panel-bidir-off,2026-07-07T07:18:01,3,0.58821,0.24983,0.77656,0.82645,0.77309,0.84146,1.0,0.99085,1.0,1.0,0.83019,0.87649,0.85271,0.81008,0.74377,0.77551,0.85,0.86932,0.85955,0.78261,1.0,0.87805,0.001,128,128,1,True,64,0.3,128,40,20000,2,True,64,20,adamw,plateau,1e-05,5.0,10,3.0,1.0,1.0,True,42,cpu,3.1,220,31,0,0,45,209,27,0,0,18,153,5,0,0,0,18
20260707-071752,panel-bidir-off,2026-07-07T07:18:04,4,0.41805,0.19587,0.80608,0.87052,0.80133,0.9027,1.0,0.99587,1.0,1.0,0.85455,0.93625,0.89354,0.86667,0.78648,0.82463,0.88764,0.89773,0.89266,1.0,1.0,1.0,0.001,128,128,1,True,64,0.3,128,40,20000,2,True,64,20,adamw,plateau,1e-05,5.0,10,3.0,1.0,1.0,True,42,cpu,3.01,235,16,0,0,40,221,20,0,0,18,158,0,0,0,0,18
20260707-071752,panel-bidir-off,2026-07-07T07:18:07,5,0.34479,0.18962,0.8474,0.87466,0.85365,0.87134,1.0,0.99705,1.0,1.0,0.90157,0.91235,0.90693,0.86029,0.83274,0.84629,0.875,0.875,0.875,0.75,1.0,0.85714,0.0005,128,128,1,True,64,0.3,128,40,20000,2,True,64,20,adamw,plateau,1e-05,5.0,10,3.0,1.0,1.0,True,42,cpu,3.11,229,22,0,0,25,234,22,0,0,16,154,6,0,0,0,18
20260707-071752,panel-bidir-off,2026-07-07T07:18:10,6,0.28926,0.16978,0.85449,0.88154,0.84421,0.8762,1.0,0.99646,1.0,1.0,0.89098,0.94422,0.91683,0.91701,0.78648,0.84674,0.84103,0.93182,0.8841,0.75,1.0,0.85714,0.0005,128,128,1,True,64,0.3,128,40,20000,2,True,64,20,adamw,plateau,1e-05,5.0,10,3.0,1.0,1.0,True,42,cpu,2.97,237,14,0,0,29,221,31,0,0,6,164,6,0,0,0,18
20260707-071752,panel-bidir-off,2026-07-07T07:18:13,7,0.27488,0.16644,0.86128,0.87328,0.85352,0.87614,1.0,0.99705,1.0,1.0,0.8902,0.90438,0.89723,0.87891,0.80071,0.83799,0.85417,0.93182,0.8913,0.78261,1.0,0.87805,0.0005,128,128,1,True,64,0.3,128,40,20000,2,True,64,20,adamw,plateau,1e-05,5.0,10,3.0,1.0,1.0,True,42,cpu,3.04,227,24,0,0,28,225,28,0,0,7,164,5,0,0,0,18
20260707-071849,panel-bidir-off,2026-07-07T07:18:51,1,3.38468,2.58427,0.35685,0.46143,0.33205,0.43936,1.0,0.2559,0.77686,0.76719,0.81208,0.48207,0.605,0.63571,0.31673,0.4228,0.58791,0.60795,0.59777,0.07059,1.0,0.13187,0.001,128,64,1,False,64,0.3,128,40,20000,2,True,64,3,adamw,plateau,1e-05,5.0,10,3.0,1.0,1.0,True,42,cpu,2.01,121,29,24,77,28,89,51,113,0,22,107,47,0,0,0,18
20260707-071849,panel-bidir-off,2026-07-07T07:18:52,2,2.12347,1.01053,0.58501,0.73554,0.54274,0.69564,1.0,0.61629,0.99036,0.99025,0.77419,0.86056,0.81509,0.75446,0.60142,0.66931,0.74432,0.74432,0.74432,0.38298,1.0,0.55385,0.001,128,64,1,False,64,0.3,128,40,20000,2,True,64,3,adamw,plateau,1e-05,5.0,10,3.0,1.0,1.0,True,42,cpu,1.65,216,27,8,0,63,169,37,12,0,28,131,17,0,0,0,18
20260707-071849,panel-bidir-off,2026-07-07T07:18:54,3,1.2451,0.44234,0.68477,0.76722,0.65154,0.74473,1.0,0.86305,1.0,1.0,0.80755,0.85259,0.82946,0.76419,0.62278,0.68627,0.76923,0.85227,0.80863,0.48649,1.0,0.65455,0.001,128,64,1,False,64,0.3,128,40,20000,2,True,64,3,adamw,plateau,1e-05,5.0,10,3.0,1.0,1.0,True,42,cpu,1.86,214,37,0,0,51,175,45,10,0,17,150,9,0,0,0,18
20260707-072049,panel-bidir-off,2026-07-07T07:20:52,1,3.38468,2.58427,0.35685,0.46143,0.33205,0.43936,1.0,0.2559,0.77686,0.76719,0.81208,0.48207,0.605,0.63571,0.31673,0.4228,0.58791,0.60795,0.59777,0.07059,1.0,0.13187,0.001,128,64,1,False,64,0.3,128,40,20000,2,True,64,3,adamw,plateau,1e-05,5.0,10,3.0,1.0,1.0,True,42,cpu,2.26,121,29,24,77,28,89,51,113,0,22,107,47,0,0,0,18
20260707-072049,panel-bidir-off,2026-07-07T07:20:54,2,2.12347,1.01053,0.58501,0.73554,0.54274,0.69564,1.0,0.61629,0.99036,0.99025,0.77419,0.86056,0.81509,0.75446,0.60142,0.66931,0.74432,0.74432,0.74432,0.38298,1.0,0.55385,0.001,128,64,1,False,64,0.3,128,40,20000,2,True,64,3,adamw,plateau,1e-05,5.0,10,3.0,1.0,1.0,True,42,cpu,1.88,216,27,8,0,63,169,37,12,0,28,131,17,0,0,0,18
20260707-072049,panel-bidir-off,2026-07-07T07:20:55,3,1.2451,0.44234,0.68477,0.76722,0.65154,0.74473,1.0,0.86305,1.0,1.0,0.80755,0.85259,0.82946,0.76419,0.62278,0.68627,0.76923,0.85227,0.80863,0.48649,1.0,0.65455,0.001,128,64,1,False,64,0.3,128,40,20000,2,True,64,3,adamw,plateau,1e-05,5.0,10,3.0,1.0,1.0,True,42,cpu,1.86,214,37,0,0,51,175,45,10,0,17,150,9,0,0,0,18
20260707-072746,studio-072746,2026-07-07T07:28:05,1,2.84216,1.62963,0.46812,0.74242,0.43179,0.69963,1.0,0.4572,0.95455,0.94744,0.85646,0.71315,0.77826,0.67812,0.77224,0.72213,0.85616,0.71023,0.7764,0.35294,1.0,0.52174,0.001,128,128,1,True,64,0.3,128,40,20000,2,True,64,20,adamw,plateau,1e-05,5.0,10,3.0,1.0,1.0,True,42,cpu,19.61,179,65,4,3,30,217,17,17,0,38,125,13,0,0,0,18
20260707-072746,studio-072746,2026-07-07T07:28:26,2,1.15062,0.3707,0.74351,0.81956,0.73064,0.83477,1.0,0.9268,1.0,1.0,0.81429,0.90837,0.85876,0.81124,0.71886,0.76226,0.84483,0.83523,0.84,0.78261,1.0,0.87805,0.001,128,128,1,True,64,0.3,128,40,20000,2,True,64,20,adamw,plateau,1e-05,5.0,10,3.0,1.0,1.0,True,42,cpu,20.84,228,23,0,0,52,202,27,0,0,24,147,5,0,0,0,18
20260707-072746,studio-072746,2026-07-07T07:28:49,3,0.58821,0.24983,0.77656,0.82645,0.77309,0.84146,1.0,0.99085,1.0,1.0,0.83019,0.87649,0.85271,0.81008,0.74377,0.77551,0.85,0.86932,0.85955,0.78261,1.0,0.87805,0.001,128,128,1,True,64,0.3,128,40,20000,2,True,64,20,adamw,plateau,1e-05,5.0,10,3.0,1.0,1.0,True,42,cpu,22.5,220,31,0,0,45,209,27,0,0,18,153,5,0,0,0,18
20260707-072746,studio-072746,2026-07-07T07:29:11,4,0.41805,0.19587,0.80608,0.87052,0.80133,0.9027,1.0,0.99587,1.0,1.0,0.85455,0.93625,0.89354,0.86667,0.78648,0.82463,0.88764,0.89773,0.89266,1.0,1.0,1.0,0.001,128,128,1,True,64,0.3,128,40,20000,2,True,64,20,adamw,plateau,1e-05,5.0,10,3.0,1.0,1.0,True,42,cpu,22.01,235,16,0,0,40,221,20,0,0,18,158,0,0,0,0,18
20260707-072746,studio-072746,2026-07-07T07:29:30,5,0.34479,0.18962,0.8474,0.87466,0.85365,0.87134,1.0,0.99705,1.0,1.0,0.90157,0.91235,0.90693,0.86029,0.83274,0.84629,0.875,0.875,0.875,0.75,1.0,0.85714,0.0005,128,128,1,True,64,0.3,128,40,20000,2,True,64,20,adamw,plateau,1e-05,5.0,10,3.0,1.0,1.0,True,42,cpu,19.03,229,22,0,0,25,234,22,0,0,16,154,6,0,0,0,18
20260707-072746,studio-072746,2026-07-07T07:29:49,6,0.28926,0.16978,0.85449,0.88154,0.84421,0.8762,1.0,0.99646,1.0,1.0,0.89098,0.94422,0.91683,0.91701,0.78648,0.84674,0.84103,0.93182,0.8841,0.75,1.0,0.85714,0.0005,128,128,1,True,64,0.3,128,40,20000,2,True,64,20,adamw,plateau,1e-05,5.0,10,3.0,1.0,1.0,True,42,cpu,19.07,237,14,0,0,29,221,31,0,0,6,164,6,0,0,0,18
20260707-072746,studio-072746,2026-07-07T07:30:07,7,0.27488,0.16644,0.86128,0.87328,0.85352,0.87614,1.0,0.99705,1.0,1.0,0.8902,0.90438,0.89723,0.87891,0.80071,0.83799,0.85417,0.93182,0.8913,0.78261,1.0,0.87805,0.0005,128,128,1,True,64,0.3,128,40,20000,2,True,64,20,adamw,plateau,1e-05,5.0,10,3.0,1.0,1.0,True,42,cpu,18.37,227,24,0,0,28,225,28,0,0,7,164,5,0,0,0,18
20260707-072746,studio-072746,2026-07-07T07:30:26,8,0.24829,0.16254,0.86393,0.88154,0.85487,0.88725,1.0,0.99882,1.0,1.0,0.89189,0.92032,0.90588,0.8996,0.79715,0.84528,0.85204,0.94886,0.89785,0.81818,1.0,0.9,0.00025,128,128,1,True,64,0.3,128,40,20000,2,True,64,20,adamw,plateau,1e-05,5.0,10,3.0,1.0,1.0,True,42,cpu,18.2,231,20,0,0,28,224,29,0,0,5,167,4,0,0,0,18
20260707-072746,studio-072746,2026-07-07T07:30:44,9,0.24836,0.15197,0.86629,0.89118,0.87676,0.90492,1.0,0.9997,1.0,1.0,0.88848,0.95219,0.91923,0.91463,0.80071,0.85389,0.86387,0.9375,0.89918,0.9,1.0,0.94737,0.00025,128,128,1,True,64,0.3,128,40,20000,2,True,64,20,adamw,plateau,1e-05,5.0,10,3.0,1.0,1.0,True,42,cpu,18.47,239,12,0,0,30,225,26,0,0,9,165,2,0,0,0,18
20260707-072746,studio-072746,2026-07-07T07:31:02,10,0.25,0.14941,0.86777,0.89669,0.87695,0.9093,1.0,0.99852,1.0,1.0,0.90114,0.94422,0.92218,0.90945,0.82206,0.86355,0.87302,0.9375,0.90411,0.9,1.0,0.94737,0.00025,128,128,1,True,64,0.3,128,40,20000,2,True,64,20,adamw,plateau,1e-05,5.0,10,3.0,1.0,1.0,True,42,cpu,18.35,237,14,0,0,26,231,24,0,0,9,165,2,0,0,0,18
20260707-072746,studio-072746,2026-07-07T07:31:20,11,0.22419,0.15422,0.8722,0.88981,0.88016,0.89238,1.0,0.9997,1.0,1.0,0.90458,0.94422,0.92398,0.91498,0.80427,0.85606,0.84615,0.9375,0.88949,0.81818,1.0,0.9,0.000125,128,128,1,True,64,0.3,128,40,20000,2,True,64,20,adamw,plateau,1e-05,5.0,10,3.0,1.0,1.0,True,42,cpu,17.41,237,14,0,0,25,226,30,0,0,7,165,4,0,0,0,18
